"i_id","p_id","url"

1,1,https://drive.google.com/uc?id=1Jh0lBEx7nH-4XwJsHlxHSKl-K5QHXH3o
2,2,https://drive.google.com/uc?id=1dphBtvK4vsGRRdqt6s-8NcMaikL-v_WG
3,3,https://drive.google.com/uc?id=1KtRTE9uN8sGJSzP4RS1DAhoiQnAZ6878
4,4,https://drive.google.com/uc?id=1HwcYBt6e7N5nQiEZRRqgGYMaC4Pxii8Q
5,5,https://drive.google.com/uc?id=1CaIWYivo6z9cIJg6crwxKf8X_PZePalC
6,6,https://drive.google.com/uc?id=1Vxpcxkg98HtTW-HetKOkIFR2JXePopI4
7,7,https://drive.google.com/uc?id=1rBA6PyPTX4J33SZ-ZUa4HWQk13frJgTt
8,8,https://drive.google.com/uc?id=1IqkNbGRcoxSEVbxCJmy7-iHRM4w99KvY
9,9,https://drive.google.com/uc?id=1p_W9dRF5ngJKPL4ptydw9__n2jqHS-Rz
10,10,https://drive.google.com/uc?id=1q7TGloGvbx0qy0Q3RRHr7hnurGGnyMjQ
11,11,https://drive.google.com/uc?id=1hqVPCEfgzwFXNYwlIb89WENguCOTN_vR
12,12,https://drive.google.com/uc?id=1IrD2DBY5uKF8oRRI-_9WIXUtxfTF0sDm
13,13,https://drive.google.com/uc?id=1j_WBe5GAzBnahxSJh_2qoZBh5shV8wuc
14,14,https://drive.google.com/uc?id=1iGyzkH4vuIsw2U6qrlWEi7ViG_ct0hia
15,15,https://drive.google.com/uc?id=13tTpWH7tz6u5IOJ1TS4jTMNZ9UUM2n1h
16,16,https://drive.google.com/uc?id=1uQQP4TXDdWWKwbMztkcguU9tsxowCq94
17,17,https://drive.google.com/uc?id=1aD3g-5aOKtE7wLpnZZMh1VrUhkUPcnW5
18,18,https://drive.google.com/uc?id=1POytmgmaNx94RWNyudd4IJHcijQDvVPs
19,19,https://drive.google.com/uc?id=1FmbDKOkECdPvtS4RulN9ySpgF9GjN5yE
20,20,https://drive.google.com/uc?id=1gL54TqSCgfyHWjcWc-iYdcPki2DsYdYz
21,21,https://drive.google.com/uc?id=1M6G2N0t-AU-h5rGDjC1XTDF8lT23SUhi
22,22,https://drive.google.com/uc?id=11DnbqbqHNQud-QL3mxQQPaGv3BEfZLGn
23,23,https://drive.google.com/uc?id=1Gncr02-n_0HtYuBCnwca7ARKb6dzfseL
24,24,https://drive.google.com/uc?id=1asEeVoF3AdeVuB4gLVmecc4_z68p9IeO
25,25,https://drive.google.com/uc?id=1BYiTs4qXcSAy9Q_6_TeYArfWRQ-ucdwh
26,26,https://drive.google.com/uc?id=1dSi1nXICCr2922vKZktXbDBlwZ-9_USY
27,27,https://drive.google.com/uc?id=1O-nACIZrOnk5XQz4s7q1NM22mThqfuXz
28,28,https://drive.google.com/uc?id=15hmlFUzXwW4XeqkIQKjl7tSpYBmDrEky
29,29,https://drive.google.com/uc?id=10uKgLUNy1e61gdoAxSWyzAhqXTnBVGum
30,30,https://drive.google.com/uc?id=1VHMpk5dDwsSfJEc8I4hpwkcDP1S2zv8o
31,31,https://drive.google.com/uc?id=1uE21ImndiGImjPG4QAdeQ9zEciqj4ZaJ
32,32,https://drive.google.com/uc?id=1Q1SZLOVGMJ6eb7CyOG5JLUx6DD-hEYKp
33,33,https://drive.google.com/uc?id=1B4JNp1nNecS46FGTG2xGkIjtAU7DsPeC
34,34,https://drive.google.com/uc?id=1Vya2rCIWVy9rWa9_Sy5scNxciPDAAjiM
35,35,https://drive.google.com/uc?id=1-Oc2SE-7KQR_sEhKpJO0TXfuPlEwYOet
36,36,https://drive.google.com/uc?id=1FJTe2H0-K6RJOipXbw0ihA1cgoCK31p0
37,37,https://drive.google.com/uc?id=1q5o6cQRXlNqcItYOV0fu6wjfC-Otgufe
38,38,https://drive.google.com/uc?id=1Cj6yNYQg3qOjd6LiRzOEd2bYxRo-0S0m
39,39,https://drive.google.com/uc?id=1cjxnVgTH7YZBg00knC3cXXYeuqNvCaZ6
40,40,https://drive.google.com/uc?id=1cHYCQdY7EgyLimUuncXlW4NNq9xIeZLU
41,41,https://drive.google.com/uc?id=1HjbtWOKK_8-byimIWBNDhHGqVwtnZNu8
42,42,https://drive.google.com/uc?id=1RTTtk4V5kralZ45C4lMDJzOMS8kgH2_d
43,43,https://drive.google.com/uc?id=1umXWL8UuUa_Ks45chyw8Rb3XDlEefagt
44,44,https://drive.google.com/uc?id=1s9uSQS3gvKucUDZyWxI9pcmG7cRh1XiC
45,45,https://drive.google.com/uc?id=1oqhiS6Ah0iCPgNsvhz_OECl3w2bob0p8
46,46,https://drive.google.com/uc?id=16L1Mhz1OiUjvlcJDWZFztI2MQgTq9Jb2
47,47,https://drive.google.com/uc?id=1WktqL0xnb1K2K1NeqmJx_bCPj2Q14udZ
48,48,https://drive.google.com/uc?id=1VEx8-ezB6fOF5kRNOaHN4-n_6hOsEfY0
49,49,https://drive.google.com/uc?id=1HuiNCF8J0bABydX8NW3gT8aor2EBmPR5
50,50,https://drive.google.com/uc?id=1V4Efv6LbrbYHgtqb3VT1EOl0k-4ZQTJP
51,51,https://drive.google.com/uc?id=1Xf6KEOksUwn_IbLDkvYmFzVHGXiIOktZ
52,52,https://drive.google.com/uc?id=12Nm3N5WqjAOGLfp5UYZOz9gWFkZpYvXQ
53,53,https://drive.google.com/uc?id=1R0pt6MG70md2bVEZTU0jqQDQgUAGOSae
54,54,https://drive.google.com/uc?id=1qZJC-aR2dZAnAaNaAt7DClHU7ZgbBVnB
55,55,https://drive.google.com/uc?id=1tuyLG8gN-kci7fnI6bIiMQ50ED3dBIiF
56,56,https://drive.google.com/uc?id=1C3TmQM4vwlnt5FGuj-7k5V-BQxZI-tK8
57,57,https://drive.google.com/uc?id=1s9GdLoFWriW0gib203NioQGaWhG8FRMA
58,58,https://drive.google.com/uc?id=1hIuD6_LICIvHDNS6ufwofqwpdqvwUQVb
59,59,https://drive.google.com/uc?id=1oIDcXCKj8gzXz0FcyHdEG9RODLSxean-
60,60,https://drive.google.com/uc?id=1wxWCG_hkzbjl9JpUKlsfvMLNUb8KvW-R
61,61,https://drive.google.com/uc?id=1W--bn0HUvjtuyji71J8zmfWj4ry3g_FX
62,62,https://drive.google.com/uc?id=1isFe0FTC3Wz7aD80YNVQXgeX5zYmCoPI
63,63,https://drive.google.com/uc?id=1zgHnMQBTHit5mNnvX9flwg9XaEU2vFXC
64,64,https://drive.google.com/uc?id=1Yt5ubB-J-ob9B7-JxQi3l4V8qXh0fATx
65,65,https://drive.google.com/uc?id=1aF4qR0OJaoJlc3-VMXe918_qGEKYlaXl
68,68,https://drive.google.com/uc?id=10mcCbJ1F8jLBIvaUPZqeG5F2XdwY1cs1
69,69,https://drive.google.com/uc?id=13Vh09yNNLLlY0xKJMxHrN8pW5X6DBg77
70,70,https://drive.google.com/uc?id=1S23W91hM9niTeRWUnmO9F-KZjsOkqC9m
71,71,https://drive.google.com/uc?id=1AmapnD1dtYXp6XO2AEGxScPiED2fNl52
72,72,https://drive.google.com/uc?id=1PBm0HqliDjvV8iQ0E3xR1iOufaO9oV9L
73,73,https://drive.google.com/uc?id=1EFkQudjhm7gExlzzl_46fBtOrWWQfrIt
74,74,https://drive.google.com/uc?id=1jIzLKFaa3FMMpoGKBg9jLq7dvil5NPSa
75,75,https://drive.google.com/uc?id=1bBwN1XleUNk1WfYi1XQT8mfVATVe58wD
76,76,https://drive.google.com/uc?id=1xHGZ_Z1yzaLgPKKBxLA0OQ23nsfXElt0
77,77,https://drive.google.com/uc?id=1ek9K7bpxpkBbbVsAmax-KWXQumPh_c-n
78,78,https://drive.google.com/uc?id=12d3zftZWNFbOxF8AsbllvrBU1w_mTE9y
79,79,https://drive.google.com/uc?id=1Guu6IOZu5xht8nQNydeXBz6ZaQszqgBc
80,80,https://drive.google.com/uc?id=1CwgFVhGa-rmqK9FNlUKlEm4lzzdcYHbg
81,81,https://drive.google.com/uc?id=1kM-x9duLYn1ryK7ym0IJn7kGY4pbOWLv
82,82,https://drive.google.com/uc?id=1Xah71tIeCNNkOd776fBZaE1IaQDK2btZ
83,83,https://drive.google.com/uc?id=1iV9o0fQp032iy7uLSdusp0Finb0c2srV
84,84,https://drive.google.com/uc?id=18JYrXpbrd5i84L7h1_mxyXIMeN22RXuq
85,85,https://drive.google.com/uc?id=1ZC9FxZszeD4cJxEBel_VAb5qTcBEloyO
86,86,https://drive.google.com/uc?id=1QNnMbgVN3vOcYwuqWJUav5ZkKdaKEJI1
87,87,https://drive.google.com/uc?id=12q9q8bZ7LY21JDoCd6oYbN8uAYMlp064
88,88,https://drive.google.com/uc?id=1oYHr76WzYbQ0gVGmJH9LEjDaDaOOQMHz
89,89,https://drive.google.com/uc?id=1CAtUUXQYVS7Rf12dqKn01B-sAbudeg-0
90,90,https://drive.google.com/uc?id=1Yg827gVl8FAox165xOOytCK9FZWGU1uD
91,91,https://drive.google.com/uc?id=1yiSXAW1r3pEhGZ5gjuFzERV3CBZqPiSX
92,92,https://drive.google.com/uc?id=1LGJGrdIVy1uASPHvJ6yUxrbhCqTLx6Ru
93,93,https://drive.google.com/uc?id=1Z4-u62nPMY1iJ6r9IekWLT69FlX0YFik
94,94,https://drive.google.com/uc?id=1I94_mAlsVceiIUDZEVoFOD3KWWENhO1q
95,95,https://drive.google.com/uc?id=1M-dsPCBOM89tQ4bCwux3fjRLSiqAOUMT
96,96,https://drive.google.com/uc?id=1-hEBzRmBIJrqu9jxmO4osolRHUhkFoI3
97,97,https://drive.google.com/uc?id=1sqar3bp9-lLVfWfOkIs1U4-Ma6yZOkBB
98,98,https://drive.google.com/uc?id=1vxAi8oWaOtJOcRecx1VuvpdOfMacYXG-
99,99,https://drive.google.com/uc?id=1IC72Wza8nuxkHNSaeEWMnuNXXcYG5uJx
100,100,https://drive.google.com/uc?id=1uEPwtJ-ucxMU3OwMNw6CZhtBMSCAm4_g
101,101,https://drive.google.com/uc?id=1v0jFuNwIEo_C8hKGe7v2J3JI2AJXDlhD
102,102,https://drive.google.com/uc?id=1XcR8ZLPc7t9IeaP8LzUgU4OCbjgdYpYe
103,103,https://drive.google.com/uc?id=1vW39k_6gXkanQVmdcyCrsURO-i0CV__t
104,104,https://drive.google.com/uc?id=1UJsaaQzkP0vY7sCpciFHAwFc2GQRDdA-
105,105,https://drive.google.com/uc?id=17-kjZPam34q0p82Lx4DbZh5ugRK0lGUj
106,106,https://drive.google.com/uc?id=1WQo8Go5FmEIKRR1Rm946j4FZPDx6mUBa
107,107,https://drive.google.com/uc?id=1PKov4Nfjnc2vpW3muLSeuACqC4gTm0-G
108,108,https://drive.google.com/uc?id=1MxBYRmeYgS8KfxW5FU9BChBiTqq0C36I
109,109,https://drive.google.com/uc?id=1GEVfd5V-ijZX4bAJeU1lWo--6tV3oH9H
110,110,https://drive.google.com/uc?id=1Z4Ii3EVQoQtdmh9dHHCxS51cTJ8qPYs7
111,111,https://drive.google.com/uc?id=1vkprBtf16A8mfcjz74Ci9KoerME25oJD
112,112,https://drive.google.com/uc?id=1aMZOR_oRmiCFyVSX22zB6jGeZxGrA5Et
113,113,https://drive.google.com/uc?id=1n8TQzzxCbav2C2cldFZ8c9jeHEBxyETj
114,114,https://drive.google.com/uc?id=1gUjr6Y6lA2Wpyyuh05qMBJYCYtb1thro
115,115,https://drive.google.com/uc?id=18wutha2Hpe37YAxGiJI1_d-86oa2J9oO
116,116,https://drive.google.com/uc?id=12yG2Wepiz_OYhA3DCzaIr3v-qvL7sJj3
117,117,https://drive.google.com/uc?id=18HpwB7O7tByf0xaOfdOsXfxBcPZeJLb6
118,118,https://drive.google.com/uc?id=1u_EpR1IKRrDKyWHQ4qr8kEgaKGTvXwec
119,119,https://drive.google.com/uc?id=1W6iVt3q1uo5aKceCu_lzxSH6EKsb7-AV
120,120,https://drive.google.com/uc?id=1XBpKdlM1WDDnybtlMWqE6VWBMXVsmZ6k
121,121,https://drive.google.com/uc?id=1y8ej9Vx2WJnIyfhH_VYez3a-rb7wOo_J
122,122,https://drive.google.com/uc?id=1QT2Z979Hlr-lbVuurUm-UhA6XJJ_zjr0
123,123,https://drive.google.com/uc?id=16icjsWP0XAe-h_L_-4uU7s8dU9cBggwa
124,124,https://drive.google.com/uc?id=1DMEg2TsL6hkDcfRSnpN_9vaKPoII7okb
125,125,https://drive.google.com/uc?id=1HfnRZp1mkWVvuBpctfN3RY-ryDOktywL
126,126,https://drive.google.com/uc?id=1p2q7Aj0eqAPn0Mu7soSo1ZJ9IYuoKulZ
127,127,https://drive.google.com/uc?id=1in5L_5k0gKdNXM0aieb2T3HQ9mVrc4mO
128,128,https://drive.google.com/uc?id=1e9y3A66etLFuasIhrP-MFWZkb-nqbQnj
129,129,https://drive.google.com/uc?id=1_s6qqJcRZ8X1VdVekfjFNYwNCnHS152O
130,130,https://drive.google.com/uc?id=1HJbxQStp8Yevh-KTGpN7vUcOGny6igWJ
131,131,https://drive.google.com/uc?id=1GykRgijiDfJNEKlucEKbZegefznuds4N
132,132,https://drive.google.com/uc?id=1eRPObA7kgsFROQMus2EAl5su4wPhXNO6
133,133,https://drive.google.com/uc?id=1Cb9xgffGKhu9dPsKA7GsT4tx2yh90QRf
134,134,https://drive.google.com/uc?id=1LQ5w_nH7vcS6tBEH6Khuq17zu4FAUSqo
135,135,https://drive.google.com/uc?id=1hY3aBrXZQSmIkWBpojQymml6_aeRnWYf
136,136,https://drive.google.com/uc?id=1deE2qKse822QIsEHaqOS7MUvrlm0I5-j
137,137,https://drive.google.com/uc?id=1kYYBTan3bUfg6XOiuAcctGlm5XFvSrel
138,138,https://drive.google.com/uc?id=1H03EVYzDDen4nblhre9SaD7J1iSyJhD5
139,139,https://drive.google.com/uc?id=11nXRKRmJLo72njtnZYBtDzeuVVwqa88B
140,140,https://drive.google.com/uc?id=1H5WHvWRAik68uGM4cC6ZEfi3zW6XZROa
141,141,https://drive.google.com/uc?id=1cLMcxYTCjAXGyi8JwNBt5BfIC-6AhNaP
142,142,https://drive.google.com/uc?id=1tslEPqvgtYhaB1QQygRft0lqCX06zW6h
143,143,https://drive.google.com/uc?id=1kqjXQ_0gRSI3doRBjUg62pzMnAljxGyX
144,144,https://drive.google.com/uc?id=1tGcue8gYle3isZypJWd0QP_B5bxeCfOb
145,145,https://drive.google.com/uc?id=1oQbebWIvLcsZ_RhJ3efaTFKvZqppwPeK
146,146,https://drive.google.com/uc?id=16NUHnPjdgzNuXmhWyaGrtZE7NC7Sd5lF
147,147,https://drive.google.com/uc?id=11UbPeEgaEjmi3REX4TFqnI4anXzasXh7
148,148,https://drive.google.com/uc?id=1m7mZV2V6iZc8GsmDl0UXLzQN78p4GMRt
149,149,https://drive.google.com/uc?id=11BLzUb_SYL2s2IIzzv7B1n04OLQqq0jg
150,150,https://drive.google.com/uc?id=1X7MHAr0YDW4jU_-dvisAqnHLHsC_XTIG
151,151,https://drive.google.com/uc?id=121Obcv1GkR1xp0Xjdf11pjQv3pDaH8Up
152,152,https://drive.google.com/uc?id=12YTeAc6X0xUId_NDLVa4KX_KGNI-JJfb
153,153,https://drive.google.com/uc?id=15MHHkAQxIfU02Fdk_F65PR9YC6B6sdIM
154,154,https://drive.google.com/uc?id=12XIjvNAoQeQvhOaSnA3G8f5PIrTQ6jUL
155,155,https://drive.google.com/uc?id=1ojeCJtyBN5tUTXfDdtmVXHbHvcAj8csp
156,156,https://drive.google.com/uc?id=1AwDSQ2c1PO5KvJeP2N7HULO0UAwdMQ7M
157,157,https://drive.google.com/uc?id=1I8Lp_XqOfG61k-JCF7H8BDt6G-YZ59OA
158,158,https://drive.google.com/uc?id=1X7ruvUFpNdrst7JM_ghP7-VJyqMf40GN
159,159,https://drive.google.com/uc?id=1sr6VcfCXQliTmPFO-u6XD6R8wt_skyBC
160,160,https://drive.google.com/uc?id=1NI6kh9K85Yv9Xn2FP_306CFzpUvCNIv0
161,161,https://drive.google.com/uc?id=1dmiqJC_azqcqWBC78fTljCufTlrJXeHN
162,162,https://drive.google.com/uc?id=1ImehgnpVaQ9RH6i0yRB-zb9GzfSy9l_G
163,163,https://drive.google.com/uc?id=1Da_xG7fGPF9aXmGw1o-5D-GesAI0jAlW
164,164,https://drive.google.com/uc?id=1Eb2idQ6TEjNvuOuL3zr-aphz9BMBDvJ6
165,165,https://drive.google.com/uc?id=15H2KSMBeZAhTUANLJ2jDLDo9HHtKTWoI
166,166,https://drive.google.com/uc?id=1WigfQr5qEuzo5ThOc7Va8k4xNi-F4maz
167,167,https://drive.google.com/uc?id=1NFqrLPYJIrjSAOAWQtC3wQhx4ZVHcpfJ
168,168,https://drive.google.com/uc?id=1KBO8ExT_vcc0Lprp8Aw0yv4y5c_i0jHF
169,169,https://drive.google.com/uc?id=1TBlydM2uVq_4L2WPN9wZZVb4_cMIOzge
170,170,https://drive.google.com/uc?id=1teXBk98pPHCtOGRn0dRjm9VO3ZIDSZCc
171,171,https://drive.google.com/uc?id=1etH3QKST5M50mOX-27k43YNuA66OKyj8
172,172,https://drive.google.com/uc?id=1oPn_xuG9uBORwTfGAfUnz9O35mbr_VL_
173,173,https://drive.google.com/uc?id=19X_tqmzlqEtb4u0aeibdrvmOHenbSJZm
174,174,https://drive.google.com/uc?id=12mdkPx1wRxmI3qJ7lHR6gcG2XgVUvtlk
175,175,https://drive.google.com/uc?id=11o1vCce_OE-cM9WWYgG6CzpggH_icwtw
176,176,https://drive.google.com/uc?id=1aLmEbnCu1bXLJD0quTyslQdtuJhKaOMB
177,177,https://drive.google.com/uc?id=1_9HeYPM-OXVSAZqvXDP58Al-JdsDfQGy
178,178,https://drive.google.com/uc?id=1SX6oZuR2C1T1LpnWoE6H-bcsIgmWZUwv
179,179,https://drive.google.com/uc?id=1MdYLDoBFka79XUDAscQzTE8XsW9mnTYo
180,180,https://drive.google.com/uc?id=1hegIhcZVcSC_OSu6JAViAiwJRueokwi2
181,181,https://drive.google.com/uc?id=1LKkZIK6JYLFVQpBBqtBF7lhUJwEMq91t
182,182,https://drive.google.com/uc?id=1SCkscrl35pWIiFaUOdzbKA36_SYaRh0e
183,183,https://drive.google.com/uc?id=1yxPQ5QXtrYeSDrL1_-VIUgIbm92RUXPi
184,184,https://drive.google.com/uc?id=1kR7jXkJdCzToOp2OG2MPIAale3gh4tJE
185,185,https://drive.google.com/uc?id=1C1ACsy9GE1kBtmtSKxOIvEhW_lOuZlYX
186,186,https://drive.google.com/uc?id=1mwjb2UhUzyBFw-QDNXP0Xjb-MF5r-8lT
187,187,https://drive.google.com/uc?id=19Mmby79OGgDrVuxMofd54TPli5aZtDx0
188,188,https://drive.google.com/uc?id=1fCREAaUTJ1BSwiamE30BrR1_WHs6W363
189,189,https://drive.google.com/uc?id=1HTm3m_0F1vlOBLyyNjrh_K3bQfrvReoz
190,190,https://drive.google.com/uc?id=15wjkPHMuD-9Xq8U2E6vQzo7CAiI5Xb7C
191,191,https://drive.google.com/uc?id=1K68jnOSYdCynqbeWkno03xox97dVCX-a
192,192,https://drive.google.com/uc?id=17_EbLN04ukUlf6JpBECc8RdVyaN2HuyH
193,193,https://drive.google.com/uc?id=1qByUYd0Y5tZ9yeDZqM-Js4jdcEoGKWI9
194,194,https://drive.google.com/uc?id=1ADU1mwrov1mnjDHJ6BJIOQRLrR2FsGMk
195,195,https://drive.google.com/uc?id=1tJM1vNS_px-WQArEQYI4SFMrKP6pKQ-1
196,196,https://drive.google.com/uc?id=1AEBcTvzLbnRzB4e4ap1zaUfnVLblt079
197,197,https://drive.google.com/uc?id=1Gql1vA00acwLz9rfNIXNr3WfRzYVbbrG
198,198,https://drive.google.com/uc?id=1T83j24xy4dDXzkJSEQghG_IUkYknA5gJ
199,199,https://drive.google.com/uc?id=1T4d1wGSQE4uzHbyYgrrS0sPR5yl0vSgn
200,200,https://drive.google.com/uc?id=15mLMOlrW1YU6KratUKzA1jEXaVoJ9YB6
201,201,https://drive.google.com/uc?id=1uxOlOnsPTCMSC4Xav03IkEcrne7e43a2
202,202,https://drive.google.com/uc?id=1agmxBJ3bVrAdp2eg7az4PZuPlfWtIAZ9
203,203,https://drive.google.com/uc?id=1w4w19vblEeQyQM9WFpimUvXFCGzGAqbQ
204,204,https://drive.google.com/uc?id=1J1wJ1YhXSp1_fsaGQngtLtwE4JVzRzdL
205,205,https://drive.google.com/uc?id=1php7j2V9KMBTP5wduDijSaSiUoRSsJaX
206,206,https://drive.google.com/uc?id=1v-cFnhKW6wVyZ-J4jfJbC8MGTShMOf0H
207,207,https://drive.google.com/uc?id=1NjvQ8AaTMxTu4ke7MsbbZG35KKOFyCHN
208,208,https://drive.google.com/uc?id=1xchM4f7JTw9ojp0CWJJMbLd6RVN75NQu
209,209,https://drive.google.com/uc?id=1KyJLtsimVAUNHnduPBP4yS2oOzNG2D7k
210,210,https://drive.google.com/uc?id=1fSLuoc3C3yFzkiYCsINo43XoHg6YeuX2
211,211,https://drive.google.com/uc?id=19FOTF7lnjkYWVjSd4dmaCTw0v9ivEmmS
212,212,https://drive.google.com/uc?id=1OqmBMTJuH1Akbt5dO-XXbAxCDOIImlZH
213,213,https://drive.google.com/uc?id=1-H69r1rH0riL8HxaoX-bIoXnlpxOaipU
214,214,https://drive.google.com/uc?id=1TPhL2KMUep1WPfpG0xA2SYMU1l4g9-KW
215,215,https://drive.google.com/uc?id=1nAwsq5ioafjFGS-84fx1DyNPphkp6XoP
216,216,https://drive.google.com/uc?id=1GmIUTJAJ1YlxfpYIxYyCKfvXgJASwgPA
217,217,https://drive.google.com/uc?id=1hB3uvOaK0cAUjngzabWgJVnRnY08t8g8
218,218,https://drive.google.com/uc?id=1wXR_Q19dXtG0xgtin3CDPQ4JYwqNwNBf
219,219,https://drive.google.com/uc?id=1HPUj8sOa24GQemCTcuf8XQUGdNrJIbyM
220,220,https://drive.google.com/uc?id=1sAedvoOxSzKeA_dUzdUSNDBDPC70XUoD
221,221,https://drive.google.com/uc?id=1lWUiXSYCH9ddSKM9Y7cJLXTC-TuM4CnI
222,222,https://drive.google.com/uc?id=1kzA6O36qs0hQrbrN97d5fRnWhUC4vRvP
223,223,https://drive.google.com/uc?id=1PqBZL3RE400JeomyhjyUjATL-rTQ9D8_
224,224,https://drive.google.com/uc?id=11Nak996vzG6SJ7AUdt6o_NPLodH6R-CQ
225,225,https://drive.google.com/uc?id=1DHxAgrEryuKqFrhDwxa2a9uzeZIQhY7h
226,226,https://drive.google.com/uc?id=1OVCtEUvMOJiBD0hHOaAMNeSLNthQowRW
227,227,https://drive.google.com/uc?id=1Bt7nyH-T8kRh5R_5P3Hv_nYxwSTODZia
228,228,https://drive.google.com/uc?id=14an4IFowfFjcXXG57Rqxn3U3vcTRKb3V
229,229,https://drive.google.com/uc?id=1E0zKs56xuy_6VV5kZJrBZxbQtfn3nJpc
230,230,https://drive.google.com/uc?id=1wRTj8aukqfMuTKjvKEb9_k_Cqxxxtoq3
231,231,https://drive.google.com/uc?id=1ijcBQiqACBGqsg-RvEiftiPsPjjNie4z
232,232,https://drive.google.com/uc?id=1VZ3MZ0ji29jrCjKz1KigpmHs7NCL2oNT
233,233,https://drive.google.com/uc?id=1LkQ4ZvbjvsHdeYn_AMRVymNSPq2XjzVJ
234,234,https://drive.google.com/uc?id=1s00Y_OK0H5Fulwt5tTCqCJh6TNX1C6i6
235,235,https://drive.google.com/uc?id=1ri2up17GndpeaLL7D7aUiFEccwIuGh51
236,236,https://drive.google.com/uc?id=1mVtdSzELB5ogsYU-kb1ESazrTDPiCQFu
237,237,https://drive.google.com/uc?id=1OPtFGfoplwctA9kPoWnwvfM17j00T9vN
238,238,https://drive.google.com/uc?id=1rQ5ceSZiNevcjNpq7xxzf-1SNn8swKlh
239,239,https://drive.google.com/uc?id=1d8hPxgz0FrZIIdPxI4XkOkkJKsMV0PBO
240,240,https://drive.google.com/uc?id=1ZotbL4jYX8lhDHng3vdvKlVx9K_rldAd
241,241,https://drive.google.com/uc?id=1IL3_iS3IXjzRla06pLqmLCp_pe57z4Dd
242,242,https://drive.google.com/uc?id=1G5XSYiBnnQQLrXLpdcLVlqI1BXCw-BSw
243,243,https://drive.google.com/uc?id=1qePwP5xtLknZwN2bvI9zBxyptYIYhb7_
244,244,https://drive.google.com/uc?id=1bSRAGkEr61asv2L87IFsalBc1jIt-ls0
245,245,https://drive.google.com/uc?id=1At4pKdMdDUEXGtI4__yhmEV944FjdVEX
246,246,https://drive.google.com/uc?id=14Is1UlkBVX0nEWaPJ7m18olDWBLyi5P5
247,247,https://drive.google.com/uc?id=1UdxGqAdoq5ifXJHHkcVXc7W9sv_0CP-o
248,248,https://drive.google.com/uc?id=1dotErdEfJX0cucTMG7q8rlyX_OYsACk9
249,249,https://drive.google.com/uc?id=1V4SkiJei0ujWsHycRZ3htFbUxH5FyOHy
250,250,https://drive.google.com/uc?id=18cunTQHVgfzbT2Uo6zkigZ5RJb1D_c3m
251,251,https://drive.google.com/uc?id=1uyzyMVdWknYi_WWxsJOC_Xw4-91jAR4N
252,252,https://drive.google.com/uc?id=1_APXu4GGIzRx2XcV9yjkSslUuQZ-band
253,253,https://drive.google.com/uc?id=1Dh91xC9C5yyQwMj86hfjuzKe95ORndd7
254,254,https://drive.google.com/uc?id=1lNDS_-GayWGv9jp7c0I1hhjlXzBXkpox
255,255,https://drive.google.com/uc?id=1O9IZK7RCc8_jwl2TsKilzJhPYniGA6sM
256,256,https://drive.google.com/uc?id=1YO__rdWyA4Ny6otlF15oeozx90BuSqVq
257,257,https://drive.google.com/uc?id=1l3Nu-0r_z-yLpA7dRWn4iv-gycGDnB-Q
258,258,https://drive.google.com/uc?id=1xMlyNdyaB6BAUB8gUE_8M1TR6K6faNDc
259,259,https://drive.google.com/uc?id=14LjttxEgzJGHKUOYoUfqIOnjjh3ueqV4
260,260,https://drive.google.com/uc?id=1WyHlX-KX1qsnX5py2fIG6X8HI4jnWq9x
261,261,https://drive.google.com/uc?id=1mJaExoS2YwR6e991fF-U1khEY_Uzbfbu
262,262,https://drive.google.com/uc?id=1umsM4XAeN5PAf1OjcLiMcQ3HgLrbR9rR
263,263,https://drive.google.com/uc?id=1iiy7iofhiFyzx1GBs8H7XAFS6FtSeolh
264,264,https://drive.google.com/uc?id=1IblFgdsJ0k181rCHrK9XtvAtSlkWtSHw
265,265,https://drive.google.com/uc?id=1KpCWWJJQ7Ki2TP_b830pE751sVNisyyD
266,266,https://drive.google.com/uc?id=140KJVPN00fe4B7Jesx8d2u9HoaE1nl8e
267,267,https://drive.google.com/uc?id=1DnbsLf8zzbHvrDGHCBrynGAzGGyHBlyk
268,268,https://drive.google.com/uc?id=1KpCWWJJQ7Ki2TP_b830pE751sVNisyyD
269,269,https://drive.google.com/uc?id=1OdXFhu6TJIoVcFsoAsXHD15Jcq2F70IH
270,270,https://drive.google.com/uc?id=1d0ImOnfW13fzT6BCH18FNeZ-Dz3xtOs2
271,271,https://drive.google.com/uc?id=1ZIDq-shwT08UNTePnnrSYQLPflLtDRFT
272,272,https://drive.google.com/uc?id=1pmZYAoDbHtdvnNgBc2QPm-OQ-ljOYV6G
273,273,https://drive.google.com/uc?id=1nBsPvTiI4TN1SzUSS7wcSXNH6oulyKA6
274,274,https://drive.google.com/uc?id=1ECCn0YIlqEq3S1IEs-4Wf1JBqha8t6EA
275,275,https://drive.google.com/uc?id=1HQVKo76IUdiNl005FLTPvpAonpmFQcD3
276,276,https://drive.google.com/uc?id=1coo1UtWuu9LML0JMmU12amk0xJovyx9R
277,277,https://drive.google.com/uc?id=1cZJRCqKrr7V8BWW67zPQnspEDRU-PP8k
278,278,https://drive.google.com/uc?id=1_bV-HB-jr5jsfDGu9PgHfFRz1AWH8UEv
279,279,https://drive.google.com/uc?id=1POuZZE1G4TER3c0kwonTqdYmVG7VsKMz
280,280,https://drive.google.com/uc?id=1dmNSZITocEJOVpd1a-Ez3Fm5UvZwGjnu
281,281,https://drive.google.com/uc?id=1ZQvPS99Wusiv3xAdZRVhtRw82kiJ1-8J